VCG_Len,VCG,Seq,Norm_Reads
2,AC,1265,1.57
2,AT,760,0.94
2,CA,1081,1.34
2,CC,597,0.74
2,CG,1071,1.33
2,GA,894,1.11
2,GC,1114,1.38
2,GG,745,0.93
2,GT,1494,1.86
2,TC,411,0.51
2,TG,1005,1.25
3,ACA,1174,1.46
3,ACC,911,1.13
3,ACG,944,1.17
3,ATC,837,1.04
3,ATG,1031,1.28
3,CAC,1473,1.83
3,CAT,584,0.73
3,CCA,780,0.97
3,CGC,1012,1.26
3,CGT,739,0.92
3,GAT,959,1.19
3,GCA,1226,1.52
3,GCG,822,1.02
3,GGT,948,1.18
3,GTG,2236,2.78
3,TCA,358,0.44
3,TGA,1002,1.24
3,TGC,667,0.83
3,TGG,860,1.07
3,TGT,765,0.95
4,ACAC,928,1.15
4,ACCA,1055,1.31
4,ACGC,1180,1.47
4,ATCA,662,0.82
4,ATGC,792,0.98
4,CACA,705,0.88
4,CACC,721,0.9
4,CACG,867,1.08
4,CATC,817,1.01
4,CCAC,713,0.89
4,CGCA,1080,1.34
4,CGTG,1003,1.25
4,GATG,1075,1.34
4,GCAT,1201,1.49
4,GCGT,865,1.07
4,GGTG,941,1.17
4,GTGA,851,1.06
4,GTGG,768,0.95
4,GTGT,837,1.04
4,TCAC,504,0.63
4,TGAT,828,1.03
4,TGCG,723,0.9
4,TGGT,876,1.09
4,TGTG,605,0.75
5,ACACG,1040,1.29
5,ACCAC,1073,1.33
5,ACGCA,1618,2.01
5,ATCAC,734,0.91
5,ATGCG,969,1.2
5,CACAC,684,0.85
5,CACCA,1029,1.28
5,CACGC,970,1.2
5,CATCA,801,0.99
5,CCACA,1021,1.27
5,CGCAT,1141,1.42
5,CGTGT,1492,1.85
5,GATGC,958,1.19
5,GCATC,1208,1.5
5,GCGTG,858,1.07
5,GGTGA,1264,1.57
5,GTGAT,914,1.14
5,GTGGT,1017,1.26
5,GTGTG,651,0.81
5,TCACC,728,0.9
5,TGATG,1045,1.3
5,TGCGT,778,0.97
5,TGGTG,953,1.18
5,TGTGG,580,0.72
6,ACACGC,1041,1.29
6,ACCACA,1417,1.76
6,ACGCAT,1281,1.59
6,ATCACC,901,1.12
6,ATGCGT,997,1.24
6,CACACG,932,1.16
6,CACCAC,932,1.16
6,CACGCA,1121,1.39
6,CATCAC,874,1.09
6,CCACAC,967,1.2
6,CGCATC,1089,1.35
6,CGTGTG,581,0.72
6,GATGCG,990,1.23
6,GCATCA,1244,1.54
6,GCGTGT,687,0.85
6,GGTGAT,911,1.13
6,GTGATG,838,1.04
6,GTGGTG,761,0.95
6,GTGTGG,582,0.72
6,TCACCA,790,0.98
6,TGATGC,899,1.12
6,TGCGTG,699,0.87
6,TGGTGA,900,1.12
6,TGTGGT,815,1.01
7,ACACGCA,1130,1.4
7,ACCACAC,1179,1.46
7,ACGCATC,1150,1.43
7,ATCACCA,942,1.17
7,ATGCGTG,974,1.21
7,CACACGC,862,1.07
7,CACCACA,1172,1.46
7,CACGCAT,1077,1.34
7,CATCACC,813,1.01
7,CCACACG,939,1.17
7,CGCATCA,1097,1.36
7,CGTGTGG,497,0.62
7,GATGCGT,851,1.06
7,GCATCAC,1000,1.24
7,GCGTGTG,521,0.65
7,GGTGATG,663,0.82
7,GTGATGC,666,0.83
7,GTGGTGA,810,1.01
7,GTGTGGT,630,0.78
7,TCACCAC,785,0.97
7,TGATGCG,792,0.98
7,TGCGTGT,616,0.77
7,TGGTGAT,791,0.98
7,TGTGGTG,761,0.95
8,ACACGCAT,1137,1.41
8,ACCACACG,834,1.04
8,ACGCATCA,1234,1.53
8,ATCACCAC,859,1.07
8,ATGCGTGT,802,1.0
8,CACACGCA,964,1.2
8,CACCACAC,995,1.24
8,CACGCATC,1049,1.3
8,CATCACCA,835,1.04
8,CCACACGC,786,0.98
8,CGCATCAC,985,1.22
8,CGTGTGGT,556,0.69
8,GATGCGTG,712,0.88
8,GCATCACC,732,0.91
8,GCGTGTGG,447,0.56
8,GGTGATGC,576,0.72
8,GTGATGCG,617,0.77
8,GTGGTGAT,663,0.82
8,GTGTGGTG,610,0.76
8,TCACCACA,883,1.1
8,TGATGCGT,745,0.93
8,TGCGTGTG,539,0.67
8,TGGTGATG,803,1.0
8,TGTGGTGA,795,0.99
9,ACACGCATC,1100,1.37
9,ACCACACGC,701,0.87
9,ACGCATCAC,998,1.24
9,ATCACCACA,976,1.21
9,ATGCGTGTG,817,1.01
9,CACACGCAT,967,1.2
9,CACCACACG,846,1.05
9,CACGCATCA,948,1.18
9,CATCACCAC,879,1.09
9,CCACACGCA,807,1.0
9,CGCATCACC,960,1.19
9,CGTGTGGTG,623,0.77
9,GATGCGTGT,725,0.9
9,GCATCACCA,634,0.79
9,GCGTGTGGT,372,0.46
9,GGTGATGCG,386,0.48
9,GTGATGCGT,609,0.76
9,GTGGTGATG,517,0.64
9,GTGTGGTGA,587,0.73
9,TCACCACAC,676,0.84
9,TGATGCGTG,699,0.87
9,TGCGTGTGG,554,0.69
9,TGGTGATGC,836,1.04
9,TGTGGTGAT,774,0.96
10,ACACGCATCA,894,1.11
10,ACCACACGCA,680,0.84
10,ACGCATCACC,931,1.16
10,ATCACCACAC,759,0.94
10,ATGCGTGTGG,731,0.91
10,CACACGCATC,1011,1.26
10,CACCACACGC,809,1.0
10,CACGCATCAC,964,1.2
10,CATCACCACA,937,1.16
10,CCACACGCAT,707,0.88
10,CGCATCACCA,864,1.07
10,CGTGTGGTGA,631,0.78
10,GATGCGTGTG,616,0.77
10,GCATCACCAC,498,0.62
10,GCGTGTGGTG,349,0.43
10,GGTGATGCGT,386,0.48
10,GTGATGCGTG,538,0.67
10,GTGGTGATGC,550,0.68
10,GTGTGGTGAT,518,0.64
10,TCACCACACG,623,0.77
10,TGATGCGTGT,776,0.96
10,TGCGTGTGGT,587,0.73
10,TGGTGATGCG,786,0.98
10,TGTGGTGATG,652,0.81
11,ACACGCATCAC,743,0.92
11,ACCACACGCAT,549,0.68
11,ACGCATCACCA,867,1.08
11,ATCACCACACG,681,0.85
11,ATGCGTGTGGT,756,0.94
11,CACACGCATCA,850,1.06
11,CACCACACGCA,804,1.0
11,CACGCATCACC,881,1.09
11,CATCACCACAC,745,0.93
11,CCACACGCATC,558,0.69
11,CGCATCACCAC,757,0.94
11,CGTGTGGTGAT,637,0.79
11,GATGCGTGTGG,458,0.57
11,GCATCACCACA,490,0.61
11,GCGTGTGGTGA,389,0.48
11,GGTGATGCGTG,320,0.4
11,GTGATGCGTGT,585,0.73
11,GTGGTGATGCG,526,0.65
11,GTGTGGTGATG,471,0.58
11,TCACCACACGC,535,0.66
11,TGATGCGTGTG,663,0.82
11,TGCGTGTGGTG,524,0.65
11,TGGTGATGCGT,795,0.99
11,TGTGGTGATGC,688,0.85
12,ACACGCATCACC,660,0.82
12,ACCACACGCATC,512,0.64
12,ACGCATCACCAC,672,0.83
12,ATCACCACACGC,662,0.82
12,ATGCGTGTGGTG,645,0.8
12,CACACGCATCAC,738,0.92
12,CACCACACGCAT,595,0.74
12,CACGCATCACCA,716,0.89
12,CATCACCACACG,619,0.77
12,CCACACGCATCA,469,0.58
12,CGCATCACCACA,648,0.8
12,CGTGTGGTGATG,529,0.66
12,GATGCGTGTGGT,396,0.49
12,GCATCACCACAC,395,0.49
12,GCGTGTGGTGAT,300,0.37
12,GGTGATGCGTGT,247,0.31
12,GTGATGCGTGTG,432,0.54
12,GTGGTGATGCGT,451,0.56
12,GTGTGGTGATGC,414,0.51
12,TCACCACACGCA,483,0.6
12,TGATGCGTGTGG,555,0.69
12,TGCGTGTGGTGA,553,0.69
12,TGGTGATGCGTG,582,0.72
12,TGTGGTGATGCG,545,0.68
